Referral Year,Black Felony Referrals Not Filed,Black Felony Referrals Filed,Black Total Felony Referrals,Hispanic Felony Referrals Not Filed,Hispanic Felony Referrals Filed,Hispanic Total Felony Referrals,White Felony Referrals Not Filed,White Felony Referrals Filed,White Total Felony Referrals,Percent of cases involving Black defendants filed,Percent of cases involving Hispanic defendants filed,Percent of cases involving White defendants filed
2019,3805,6424,10229,2955,5765,8720,2749,4309,7058,62.80183791,66.11238532,61.05128932
2020,2718,4504,7222,2034,4045,6079,1751,2739,4490,62.36499585,66.54054943,61.00222717
2021,2931,4186,7117,2271,3759,6030,1849,2153,4002,58.81691724,62.33830846,53.79810095
2022,3281,4216,7497,2633,3942,6575,2020,2353,4373,56.23582766,59.95437262,53.80745484
2023,3148,3923,7071,2679,3531,6210,1847,2104,3951,55.48013011,56.85990338,53.25234118
2024,2173,3190,5363,2007,3172,5179,1235,1720,2955,59.48163341,61.24734505,58.20642978
