Referral Year,Black Felony Referrals Not Filed,Black Felony Referrals Filed,Black Total Felony Referrals,Hispanic Felony Referrals Not Filed,Hispanic Felony Referrals Filed,Hispanic Total Felony Referrals,White Felony Referrals Not Filed,White Felony Referrals Filed,White Total Felony Referrals,Percent of cases involving Black defendants filed,Percent of cases involving Hispanic defendants filed,Percent of cases involving White defendants filed
2019,656,2614,3270,319,1587,1906,190,1062,1252,79.93883792,83.2633788,84.82428115
2020,771,2227,2998,327,1378,1705,216,909,1125,74.28285524,80.82111437,80.8
2021,727,2052,2779,385,1238,1623,267,746,1013,73.83951062,76.27849661,73.64264561
2022,858,2017,2875,507,1216,1723,326,708,1034,70.15652174,70.57457922,68.47195358
2023,993,1775,2768,662,1061,1723,320,623,943,64.12572254,61.5786419,66.06574761
2024,794,1479,2273,509,978,1487,223,533,756,65.06819182,65.77000672,70.5026455
